{
  "username": "",
  "password": "",
  "client_id": "",
  "client_secret": "",
  "subreddits": ["memes", "anime"],
  "subject": "Hello I apologize please Ignore this message",
  "message": "Please [{{author}}] Ignore this message",
  "sleep_after_message": 5,
  "minutes": 120,
  "keywords": ["pokemon", "fire", "skate", "runner", "what"],
  "filtered_comments": [],
  "blacklist": [
    "lost-in-pixels",
    "Responsible-Bake-245",
    "Dunger97",
    "Gruno1996",
    "JohnSmithWithAggron",
    "SasugasAlt",
    "JscJake1",
    "buffkirby",
    "scrotation_matrix"
  ]
}
